dataset,tag,run_id,method,feature_index,param_opt,final_auc,grid
12_fault,t100,3,adjusted,0,1.75000000,0.67458585,"0.75;1.0;1.25;1.5;1.75;2.0;2.5;3.0"
12_fault,t100,3,adjusted,1,1.75000000,0.67458585,"0.75;1.0;1.25;1.5;1.75;2.0;2.5;3.0"
12_fault,t100,3,adjusted,2,1.50000000,0.67458585,"0.75;1.0;1.25;1.5;1.75;2.0;2.5;3.0"
12_fault,t100,3,adjusted,3,2.00000000,0.67458585,"0.75;1.0;1.25;1.5;1.75;2.0;2.5;3.0"
12_fault,t100,3,adjusted,4,1.50000000,0.67458585,"0.75;1.0;1.25;1.5;1.75;2.0;2.5;3.0"
12_fault,t100,3,adjusted,5,1.50000000,0.67458585,"0.75;1.0;1.25;1.5;1.75;2.0;2.5;3.0"
12_fault,t100,3,adjusted,6,1.50000000,0.67458585,"0.75;1.0;1.25;1.5;1.75;2.0;2.5;3.0"
12_fault,t100,3,adjusted,7,1.50000000,0.67458585,"0.75;1.0;1.25;1.5;1.75;2.0;2.5;3.0"
12_fault,t100,3,adjusted,8,1.50000000,0.67458585,"0.75;1.0;1.25;1.5;1.75;2.0;2.5;3.0"
12_fault,t100,3,adjusted,9,0.75000000,0.67458585,"0.75;1.0;1.25;1.5;1.75;2.0;2.5;3.0"
12_fault,t100,3,adjusted,10,0.75000000,0.67458585,"0.75;1.0;1.25;1.5;1.75;2.0;2.5;3.0"
12_fault,t100,3,adjusted,11,0.00000000,0.67458585,"NONRELEVANT:DISCRETE_FALLBACK_MINMAX"
12_fault,t100,3,adjusted,12,0.00000000,0.67458585,"NONRELEVANT:DISCRETE_FALLBACK_MINMAX"
12_fault,t100,3,adjusted,13,0.00000000,0.67458585,"NONRELEVANT:DISCRETE_FALLBACK_MINMAX"
12_fault,t100,3,adjusted,14,1.50000000,0.67458585,"0.75;1.0;1.25;1.5;1.75;2.0;2.5;3.0"
12_fault,t100,3,adjusted,15,1.50000000,0.67458585,"0.75;1.0;1.25;1.5;1.75;2.0;2.5;3.0"
12_fault,t100,3,adjusted,16,1.00000000,0.67458585,"0.75;1.0;1.25;1.5;1.75;2.0;2.5;3.0"
12_fault,t100,3,adjusted,17,1.50000000,0.67458585,"0.75;1.0;1.25;1.5;1.75;2.0;2.5;3.0"
12_fault,t100,3,adjusted,18,1.75000000,0.67458585,"0.75;1.0;1.25;1.5;1.75;2.0;2.5;3.0"
12_fault,t100,3,adjusted,19,3.00000000,0.67458585,"0.75;1.0;1.25;1.5;1.75;2.0;2.5;3.0"
12_fault,t100,3,adjusted,20,0.00000000,0.67458585,"NONRELEVANT:DISCRETE_FALLBACK_MINMAX"
12_fault,t100,3,adjusted,21,0.75000000,0.67458585,"0.75;1.0;1.25;1.5;1.75;2.0;2.5;3.0"
12_fault,t100,3,adjusted,22,1.50000000,0.67458585,"0.75;1.0;1.25;1.5;1.75;2.0;2.5;3.0"
12_fault,t100,3,adjusted,23,1.75000000,0.67458585,"0.75;1.0;1.25;1.5;1.75;2.0;2.5;3.0"
12_fault,t100,3,adjusted,24,3.00000000,0.67458585,"0.75;1.0;1.25;1.5;1.75;2.0;2.5;3.0"
12_fault,t100,3,adjusted,25,1.50000000,0.67458585,"0.75;1.0;1.25;1.5;1.75;2.0;2.5;3.0"
12_fault,t100,3,adjusted,26,1.50000000,0.67458585,"0.75;1.0;1.25;1.5;1.75;2.0;2.5;3.0"