dataset,tag,run_id,method,feature_index,param_opt,final_auc,grid
12_fault,t100,16,adjusted,0,1.25000000,0.71257018,"0.75;1.0;1.25;1.5;1.75;2.0;2.5;3.0"
12_fault,t100,16,adjusted,1,0.75000000,0.71257018,"0.75;1.0;1.25;1.5;1.75;2.0;2.5;3.0"
12_fault,t100,16,adjusted,2,2.50000000,0.71257018,"0.75;1.0;1.25;1.5;1.75;2.0;2.5;3.0"
12_fault,t100,16,adjusted,3,1.75000000,0.71257018,"0.75;1.0;1.25;1.5;1.75;2.0;2.5;3.0"
12_fault,t100,16,adjusted,4,1.50000000,0.71257018,"0.75;1.0;1.25;1.5;1.75;2.0;2.5;3.0"
12_fault,t100,16,adjusted,5,1.50000000,0.71257018,"0.75;1.0;1.25;1.5;1.75;2.0;2.5;3.0"
12_fault,t100,16,adjusted,6,1.50000000,0.71257018,"0.75;1.0;1.25;1.5;1.75;2.0;2.5;3.0"
12_fault,t100,16,adjusted,7,1.50000000,0.71257018,"0.75;1.0;1.25;1.5;1.75;2.0;2.5;3.0"
12_fault,t100,16,adjusted,8,2.00000000,0.71257018,"0.75;1.0;1.25;1.5;1.75;2.0;2.5;3.0"
12_fault,t100,16,adjusted,9,1.50000000,0.71257018,"0.75;1.0;1.25;1.5;1.75;2.0;2.5;3.0"
12_fault,t100,16,adjusted,10,1.50000000,0.71257018,"0.75;1.0;1.25;1.5;1.75;2.0;2.5;3.0"
12_fault,t100,16,adjusted,11,0.00000000,0.71257018,"NONRELEVANT:DISCRETE_FALLBACK_MINMAX"
12_fault,t100,16,adjusted,12,0.00000000,0.71257018,"NONRELEVANT:DISCRETE_FALLBACK_MINMAX"
12_fault,t100,16,adjusted,13,0.00000000,0.71257018,"NONRELEVANT:DISCRETE_FALLBACK_MINMAX"
12_fault,t100,16,adjusted,14,1.50000000,0.71257018,"0.75;1.0;1.25;1.5;1.75;2.0;2.5;3.0"
12_fault,t100,16,adjusted,15,1.50000000,0.71257018,"0.75;1.0;1.25;1.5;1.75;2.0;2.5;3.0"
12_fault,t100,16,adjusted,16,1.50000000,0.71257018,"0.75;1.0;1.25;1.5;1.75;2.0;2.5;3.0"
12_fault,t100,16,adjusted,17,1.50000000,0.71257018,"0.75;1.0;1.25;1.5;1.75;2.0;2.5;3.0"
12_fault,t100,16,adjusted,18,3.00000000,0.71257018,"0.75;1.0;1.25;1.5;1.75;2.0;2.5;3.0"
12_fault,t100,16,adjusted,19,1.50000000,0.71257018,"0.75;1.0;1.25;1.5;1.75;2.0;2.5;3.0"
12_fault,t100,16,adjusted,20,0.00000000,0.71257018,"NONRELEVANT:DISCRETE_FALLBACK_MINMAX"
12_fault,t100,16,adjusted,21,1.75000000,0.71257018,"0.75;1.0;1.25;1.5;1.75;2.0;2.5;3.0"
12_fault,t100,16,adjusted,22,1.50000000,0.71257018,"0.75;1.0;1.25;1.5;1.75;2.0;2.5;3.0"
12_fault,t100,16,adjusted,23,2.50000000,0.71257018,"0.75;1.0;1.25;1.5;1.75;2.0;2.5;3.0"
12_fault,t100,16,adjusted,24,1.50000000,0.71257018,"0.75;1.0;1.25;1.5;1.75;2.0;2.5;3.0"
12_fault,t100,16,adjusted,25,3.00000000,0.71257018,"0.75;1.0;1.25;1.5;1.75;2.0;2.5;3.0"
12_fault,t100,16,adjusted,26,1.50000000,0.71257018,"0.75;1.0;1.25;1.5;1.75;2.0;2.5;3.0"