dataset,tag,run_id,method,feature_index,param_opt,final_auc,grid
14_glass,t100,18,adjusted,0,2.00000000,0.80000000,"0.75;1.0;1.25;1.5;1.75;2.0;2.5;3.0"
14_glass,t100,18,adjusted,1,1.75000000,0.80000000,"0.75;1.0;1.25;1.5;1.75;2.0;2.5;3.0"
14_glass,t100,18,adjusted,2,1.25000000,0.80000000,"0.75;1.0;1.25;1.5;1.75;2.0;2.5;3.0"
14_glass,t100,18,adjusted,3,1.50000000,0.80000000,"0.75;1.0;1.25;1.5;1.75;2.0;2.5;3.0"
14_glass,t100,18,adjusted,4,1.50000000,0.80000000,"0.75;1.0;1.25;1.5;1.75;2.0;2.5;3.0"
14_glass,t100,18,adjusted,5,1.50000000,0.80000000,"0.75;1.0;1.25;1.5;1.75;2.0;2.5;3.0"
14_glass,t100,18,adjusted,6,1.50000000,0.80000000,"0.75;1.0;1.25;1.5;1.75;2.0;2.5;3.0"