dataset,tag,run_id,method,feature_index,param_opt,final_auc,grid
14_glass,t100,0,adjusted,0,1.50000000,0.75999999,"0.75;1;1.25;1.5;1.75;2;2.5;3"
14_glass,t100,0,adjusted,1,1.50000000,0.75999999,"0.75;1;1.25;1.5;1.75;2;2.5;3"
14_glass,t100,0,adjusted,2,0.75000000,0.75999999,"0.75;1;1.25;1.5;1.75;2;2.5;3"
14_glass,t100,0,adjusted,3,1.50000000,0.75999999,"0.75;1;1.25;1.5;1.75;2;2.5;3"
14_glass,t100,0,adjusted,4,1.50000000,0.75999999,"0.75;1;1.25;1.5;1.75;2;2.5;3"
14_glass,t100,0,adjusted,5,1.50000000,0.75999999,"0.75;1;1.25;1.5;1.75;2;2.5;3"
14_glass,t100,0,adjusted,6,1.50000000,0.75999999,"0.75;1;1.25;1.5;1.75;2;2.5;3"
