dataset,tag,run_id,method,feature_index,param_opt,final_auc,grid
14_glass,t100,146,adjusted,0,2.00000000,0.81999999,"0.75;1;1.25;1.5;1.75;2;2.5;3"
14_glass,t100,146,adjusted,1,2.00000000,0.81999999,"0.75;1;1.25;1.5;1.75;2;2.5;3"
14_glass,t100,146,adjusted,2,1.00000000,0.81999999,"0.75;1;1.25;1.5;1.75;2;2.5;3"
14_glass,t100,146,adjusted,3,1.00000000,0.81999999,"0.75;1;1.25;1.5;1.75;2;2.5;3"
14_glass,t100,146,adjusted,4,1.50000000,0.81999999,"0.75;1;1.25;1.5;1.75;2;2.5;3"
14_glass,t100,146,adjusted,5,1.50000000,0.81999999,"0.75;1;1.25;1.5;1.75;2;2.5;3"
14_glass,t100,146,adjusted,6,1.50000000,0.81999999,"0.75;1;1.25;1.5;1.75;2;2.5;3"
