dataset,tag,run_id,method,feature_index,param_opt,final_auc,grid
14_glass,t100,18,adjusted,0,1.25000000,0.81000000,"0.75;1;1.25;1.5;1.75;2;2.5;3"
14_glass,t100,18,adjusted,1,1.50000000,0.81000000,"0.75;1;1.25;1.5;1.75;2;2.5;3"
14_glass,t100,18,adjusted,2,1.50000000,0.81000000,"0.75;1;1.25;1.5;1.75;2;2.5;3"
14_glass,t100,18,adjusted,3,0.75000000,0.81000000,"0.75;1;1.25;1.5;1.75;2;2.5;3"
14_glass,t100,18,adjusted,4,0.75000000,0.81000000,"0.75;1;1.25;1.5;1.75;2;2.5;3"
14_glass,t100,18,adjusted,5,1.50000000,0.81000000,"0.75;1;1.25;1.5;1.75;2;2.5;3"
14_glass,t100,18,adjusted,6,1.50000000,0.81000000,"0.75;1;1.25;1.5;1.75;2;2.5;3"
