dataset,tag,run_id,method,feature_index,param_opt,final_auc,grid
27_PageBlocks,t100,4,adjusted,0,3.00000000,0.89068942,"0.75;1.0;1.25;1.5;1.75;2.0;2.5;3.0"
27_PageBlocks,t100,4,adjusted,1,3.00000000,0.89068942,"0.75;1.0;1.25;1.5;1.75;2.0;2.5;3.0"
27_PageBlocks,t100,4,adjusted,2,1.50000000,0.89068942,"0.75;1.0;1.25;1.5;1.75;2.0;2.5;3.0"
27_PageBlocks,t100,4,adjusted,3,1.50000000,0.89068942,"0.75;1.0;1.25;1.5;1.75;2.0;2.5;3.0"
27_PageBlocks,t100,4,adjusted,4,1.50000000,0.89068942,"0.75;1.0;1.25;1.5;1.75;2.0;2.5;3.0"
27_PageBlocks,t100,4,adjusted,5,1.50000000,0.89068942,"0.75;1.0;1.25;1.5;1.75;2.0;2.5;3.0"
27_PageBlocks,t100,4,adjusted,6,1.25000000,0.89068942,"0.75;1.0;1.25;1.5;1.75;2.0;2.5;3.0"
27_PageBlocks,t100,4,adjusted,7,1.50000000,0.89068942,"0.75;1.0;1.25;1.5;1.75;2.0;2.5;3.0"
27_PageBlocks,t100,4,adjusted,8,2.50000000,0.89068942,"0.75;1.0;1.25;1.5;1.75;2.0;2.5;3.0"
27_PageBlocks,t100,4,adjusted,9,2.50000000,0.89068942,"0.75;1.0;1.25;1.5;1.75;2.0;2.5;3.0"