dataset,tag,run_id,method,feature_index,param_opt,final_auc,grid
29_Pima,t100,138,adjusted,0,0.00000000,0.83522725,"NONRELEVANT:DISCRETE_FALLBACK_MINMAX"
29_Pima,t100,138,adjusted,1,2.00000000,0.83522725,"0.75;1;1.25;1.5;1.75;2;2.5;3"
29_Pima,t100,138,adjusted,2,3.00000000,0.83522725,"0.75;1;1.25;1.5;1.75;2;2.5;3"
29_Pima,t100,138,adjusted,3,1.00000000,0.83522725,"0.75;1;1.25;1.5;1.75;2;2.5;3"
29_Pima,t100,138,adjusted,4,3.00000000,0.83522725,"0.75;1;1.25;1.5;1.75;2;2.5;3"
29_Pima,t100,138,adjusted,5,1.00000000,0.83522725,"0.75;1;1.25;1.5;1.75;2;2.5;3"
29_Pima,t100,138,adjusted,6,3.00000000,0.83522725,"0.75;1;1.25;1.5;1.75;2;2.5;3"
29_Pima,t100,138,adjusted,7,1.50000000,0.83522725,"0.75;1;1.25;1.5;1.75;2;2.5;3"
