dataset,tag,run_id,method,feature_index,param_opt,final_auc,grid
2_annthyroid,t100,111,adjusted,0,3.00000000,0.96917969,"0.75;1;1.25;1.5;1.75;2;2.5;3"
2_annthyroid,t100,111,adjusted,1,3.00000000,0.96917969,"0.75;1;1.25;1.5;1.75;2;2.5;3"
2_annthyroid,t100,111,adjusted,2,1.75000000,0.96917969,"0.75;1;1.25;1.5;1.75;2;2.5;3"
2_annthyroid,t100,111,adjusted,3,1.25000000,0.96917969,"0.75;1;1.25;1.5;1.75;2;2.5;3"
2_annthyroid,t100,111,adjusted,4,0.75000000,0.96917969,"0.75;1;1.25;1.5;1.75;2;2.5;3"
2_annthyroid,t100,111,adjusted,5,2.00000000,0.96917969,"0.75;1;1.25;1.5;1.75;2;2.5;3"
