dataset,tag,run_id,method,feature_index,param_opt,final_auc,grid
37_Stamps,t100,149,adjusted,0,3.00000000,0.90259737,"0.75;1;1.25;1.5;1.75;2;2.5;3"
37_Stamps,t100,149,adjusted,1,1.50000000,0.90259737,"0.75;1;1.25;1.5;1.75;2;2.5;3"
37_Stamps,t100,149,adjusted,2,3.00000000,0.90259737,"0.75;1;1.25;1.5;1.75;2;2.5;3"
37_Stamps,t100,149,adjusted,3,3.00000000,0.90259737,"0.75;1;1.25;1.5;1.75;2;2.5;3"
37_Stamps,t100,149,adjusted,4,1.50000000,0.90259737,"0.75;1;1.25;1.5;1.75;2;2.5;3"
37_Stamps,t100,149,adjusted,5,3.00000000,0.90259737,"0.75;1;1.25;1.5;1.75;2;2.5;3"
37_Stamps,t100,149,adjusted,6,0.75000000,0.90259737,"0.75;1;1.25;1.5;1.75;2;2.5;3"
37_Stamps,t100,149,adjusted,7,3.00000000,0.90259737,"0.75;1;1.25;1.5;1.75;2;2.5;3"
37_Stamps,t100,149,adjusted,8,3.00000000,0.90259737,"0.75;1;1.25;1.5;1.75;2;2.5;3"
