dataset,tag,run_id,method,feature_index,param_opt,final_auc,grid
44_Wilt,t100,133,adjusted,0,0.75000000,0.67454404,"0.75;1;1.25;1.5;1.75;2;2.5;3"
44_Wilt,t100,133,adjusted,1,2.50000000,0.67454404,"0.75;1;1.25;1.5;1.75;2;2.5;3"
44_Wilt,t100,133,adjusted,2,0.75000000,0.67454404,"0.75;1;1.25;1.5;1.75;2;2.5;3"
44_Wilt,t100,133,adjusted,3,1.50000000,0.67454404,"0.75;1;1.25;1.5;1.75;2;2.5;3"
44_Wilt,t100,133,adjusted,4,0.75000000,0.67454404,"0.75;1;1.25;1.5;1.75;2;2.5;3"
