dataset,tag,run_id,method,feature_index,param_opt,final_auc,grid
47_yeast,t100,134,adjusted,0,1.75000000,0.51420248,"0.75;1;1.25;1.5;1.75;2;2.5;3"
47_yeast,t100,134,adjusted,1,2.50000000,0.51420248,"0.75;1;1.25;1.5;1.75;2;2.5;3"
47_yeast,t100,134,adjusted,2,1.50000000,0.51420248,"0.75;1;1.25;1.5;1.75;2;2.5;3"
47_yeast,t100,134,adjusted,3,2.50000000,0.51420248,"0.75;1;1.25;1.5;1.75;2;2.5;3"
47_yeast,t100,134,adjusted,4,0.00000000,0.51420248,"NONRELEVANT:DISCRETE_FALLBACK_MINMAX"
47_yeast,t100,134,adjusted,5,0.00000000,0.51420248,"NONRELEVANT:DISCRETE_FALLBACK_MINMAX"
47_yeast,t100,134,adjusted,6,1.50000000,0.51420248,"0.75;1;1.25;1.5;1.75;2;2.5;3"
47_yeast,t100,134,adjusted,7,1.75000000,0.51420248,"0.75;1;1.25;1.5;1.75;2;2.5;3"
