dataset,tag,run_id,method,feature_index,param_opt,final_auc,grid
47_yeast,t100,103,adjusted,0,2.00000000,0.51887649,"0.75;1;1.25;1.5;1.75;2;2.5;3"
47_yeast,t100,103,adjusted,1,1.00000000,0.51887649,"0.75;1;1.25;1.5;1.75;2;2.5;3"
47_yeast,t100,103,adjusted,2,2.00000000,0.51887649,"0.75;1;1.25;1.5;1.75;2;2.5;3"
47_yeast,t100,103,adjusted,3,3.00000000,0.51887649,"0.75;1;1.25;1.5;1.75;2;2.5;3"
47_yeast,t100,103,adjusted,4,0.00000000,0.51887649,"NONRELEVANT:DISCRETE_FALLBACK_MINMAX"
47_yeast,t100,103,adjusted,5,0.00000000,0.51887649,"NONRELEVANT:DISCRETE_FALLBACK_MINMAX"
47_yeast,t100,103,adjusted,6,1.50000000,0.51887649,"0.75;1;1.25;1.5;1.75;2;2.5;3"
47_yeast,t100,103,adjusted,7,3.00000000,0.51887649,"0.75;1;1.25;1.5;1.75;2;2.5;3"
