dataset,tag,run_id,method,feature_index,param_opt,final_auc,grid
47_yeast,t100,112,adjusted,0,1.75000000,0.54037213,"0.75;1;1.25;1.5;1.75;2;2.5;3"
47_yeast,t100,112,adjusted,1,1.25000000,0.54037213,"0.75;1;1.25;1.5;1.75;2;2.5;3"
47_yeast,t100,112,adjusted,2,2.50000000,0.54037213,"0.75;1;1.25;1.5;1.75;2;2.5;3"
47_yeast,t100,112,adjusted,3,2.50000000,0.54037213,"0.75;1;1.25;1.5;1.75;2;2.5;3"
47_yeast,t100,112,adjusted,4,0.00000000,0.54037213,"NONRELEVANT:DISCRETE_FALLBACK_MINMAX"
47_yeast,t100,112,adjusted,5,0.00000000,0.54037213,"NONRELEVANT:DISCRETE_FALLBACK_MINMAX"
47_yeast,t100,112,adjusted,6,1.25000000,0.54037213,"0.75;1;1.25;1.5;1.75;2;2.5;3"
47_yeast,t100,112,adjusted,7,1.75000000,0.54037213,"0.75;1;1.25;1.5;1.75;2;2.5;3"
