dataset,tag,run_id,method,feature_index,param_opt,final_auc,grid
6_cardio,t100,12,adjusted,0,1.25000000,0.91149425,"0.75;1.0;1.25;1.5;1.75;2.0;2.5;3.0"
6_cardio,t100,12,adjusted,1,2.00000000,0.91149425,"0.75;1.0;1.25;1.5;1.75;2.0;2.5;3.0"
6_cardio,t100,12,adjusted,2,2.00000000,0.91149425,"0.75;1.0;1.25;1.5;1.75;2.0;2.5;3.0"
6_cardio,t100,12,adjusted,3,3.00000000,0.91149425,"0.75;1.0;1.25;1.5;1.75;2.0;2.5;3.0"
6_cardio,t100,12,adjusted,4,3.00000000,0.91149425,"0.75;1.0;1.25;1.5;1.75;2.0;2.5;3.0"
6_cardio,t100,12,adjusted,5,0.00000000,0.91149425,"NONRELEVANT:DISCRETE_FALLBACK_MINMAX"
6_cardio,t100,12,adjusted,6,2.50000000,0.91149425,"0.75;1.0;1.25;1.5;1.75;2.0;2.5;3.0"
6_cardio,t100,12,adjusted,7,3.00000000,0.91149425,"0.75;1.0;1.25;1.5;1.75;2.0;2.5;3.0"
6_cardio,t100,12,adjusted,8,1.50000000,0.91149425,"0.75;1.0;1.25;1.5;1.75;2.0;2.5;3.0"
6_cardio,t100,12,adjusted,9,1.75000000,0.91149425,"0.75;1.0;1.25;1.5;1.75;2.0;2.5;3.0"
6_cardio,t100,12,adjusted,10,1.50000000,0.91149425,"0.75;1.0;1.25;1.5;1.75;2.0;2.5;3.0"
6_cardio,t100,12,adjusted,11,1.50000000,0.91149425,"0.75;1.0;1.25;1.5;1.75;2.0;2.5;3.0"
6_cardio,t100,12,adjusted,12,1.75000000,0.91149425,"0.75;1.0;1.25;1.5;1.75;2.0;2.5;3.0"
6_cardio,t100,12,adjusted,13,1.50000000,0.91149425,"0.75;1.0;1.25;1.5;1.75;2.0;2.5;3.0"
6_cardio,t100,12,adjusted,14,0.00000000,0.91149425,"NONRELEVANT:DISCRETE_FALLBACK_MINMAX"
6_cardio,t100,12,adjusted,15,0.00000000,0.91149425,"NONRELEVANT:DISCRETE_FALLBACK_MINMAX"
6_cardio,t100,12,adjusted,16,1.50000000,0.91149425,"0.75;1.0;1.25;1.5;1.75;2.0;2.5;3.0"
6_cardio,t100,12,adjusted,17,1.50000000,0.91149425,"0.75;1.0;1.25;1.5;1.75;2.0;2.5;3.0"
6_cardio,t100,12,adjusted,18,1.75000000,0.91149425,"0.75;1.0;1.25;1.5;1.75;2.0;2.5;3.0"
6_cardio,t100,12,adjusted,19,0.75000000,0.91149425,"0.75;1.0;1.25;1.5;1.75;2.0;2.5;3.0"
6_cardio,t100,12,adjusted,20,0.00000000,0.91149425,"NONRELEVANT:DISCRETE_FALLBACK_MINMAX"