dataset,tag,run_id,method,feature_index,param_opt,final_auc,grid
29_Pima,t100,135,zscore,0,0.00000000,0.85795468,"NONRELEVANT:DISCRETE_FALLBACK_MINMAX"
29_Pima,t100,135,zscore,1,4.00000000,0.85795468,"0.5;0.75;1;1.25;1.5;2;2.5;3;4;5;6;8;10"
29_Pima,t100,135,zscore,2,4.00000000,0.85795468,"0.5;0.75;1;1.25;1.5;2;2.5;3;4;5;6;8;10"
29_Pima,t100,135,zscore,3,8.00000000,0.85795468,"0.5;0.75;1;1.25;1.5;2;2.5;3;4;5;6;8;10"
29_Pima,t100,135,zscore,4,5.00000000,0.85795468,"0.5;0.75;1;1.25;1.5;2;2.5;3;4;5;6;8;10"
29_Pima,t100,135,zscore,5,4.00000000,0.85795468,"0.5;0.75;1;1.25;1.5;2;2.5;3;4;5;6;8;10"
29_Pima,t100,135,zscore,6,0.75000000,0.85795468,"0.5;0.75;1;1.25;1.5;2;2.5;3;4;5;6;8;10"
29_Pima,t100,135,zscore,7,0.75000000,0.85795468,"0.5;0.75;1;1.25;1.5;2;2.5;3;4;5;6;8;10"
