dataset,tag,run_id,method,feature_index,param_opt,final_auc,grid
29_Pima,t100,141,zscore,0,0.00000000,0.84980249,"NONRELEVANT:DISCRETE_FALLBACK_MINMAX"
29_Pima,t100,141,zscore,1,3.00000000,0.84980249,"0.5;0.75;1;1.25;1.5;2;2.5;3;4;5;6;8;10"
29_Pima,t100,141,zscore,2,1.25000000,0.84980249,"0.5;0.75;1;1.25;1.5;2;2.5;3;4;5;6;8;10"
29_Pima,t100,141,zscore,3,5.00000000,0.84980249,"0.5;0.75;1;1.25;1.5;2;2.5;3;4;5;6;8;10"
29_Pima,t100,141,zscore,4,3.00000000,0.84980249,"0.5;0.75;1;1.25;1.5;2;2.5;3;4;5;6;8;10"
29_Pima,t100,141,zscore,5,5.00000000,0.84980249,"0.5;0.75;1;1.25;1.5;2;2.5;3;4;5;6;8;10"
29_Pima,t100,141,zscore,6,0.75000000,0.84980249,"0.5;0.75;1;1.25;1.5;2;2.5;3;4;5;6;8;10"
29_Pima,t100,141,zscore,7,2.00000000,0.84980249,"0.5;0.75;1;1.25;1.5;2;2.5;3;4;5;6;8;10"
