dataset,tag,run_id,method,feature_index,param_opt,final_auc,grid
29_Pima,t100,123,zscore,0,0.00000000,0.85746056,"NONRELEVANT:DISCRETE_FALLBACK_MINMAX"
29_Pima,t100,123,zscore,1,4.00000000,0.85746056,"0.5;0.75;1;1.25;1.5;2;2.5;3;4;5;6;8;10"
29_Pima,t100,123,zscore,2,6.00000000,0.85746056,"0.5;0.75;1;1.25;1.5;2;2.5;3;4;5;6;8;10"
29_Pima,t100,123,zscore,3,10.00000000,0.85746056,"0.5;0.75;1;1.25;1.5;2;2.5;3;4;5;6;8;10"
29_Pima,t100,123,zscore,4,3.00000000,0.85746056,"0.5;0.75;1;1.25;1.5;2;2.5;3;4;5;6;8;10"
29_Pima,t100,123,zscore,5,4.00000000,0.85746056,"0.5;0.75;1;1.25;1.5;2;2.5;3;4;5;6;8;10"
29_Pima,t100,123,zscore,6,1.00000000,0.85746056,"0.5;0.75;1;1.25;1.5;2;2.5;3;4;5;6;8;10"
29_Pima,t100,123,zscore,7,0.75000000,0.85746056,"0.5;0.75;1;1.25;1.5;2;2.5;3;4;5;6;8;10"
