dataset,tag,run_id,method,feature_index,param_opt,final_auc,grid
29_Pima,t100,116,zscore,0,0.00000000,0.84214419,"NONRELEVANT:DISCRETE_FALLBACK_MINMAX"
29_Pima,t100,116,zscore,1,5.00000000,0.84214419,"0.5;0.75;1;1.25;1.5;2;2.5;3;4;5;6;8;10"
29_Pima,t100,116,zscore,2,3.00000000,0.84214419,"0.5;0.75;1;1.25;1.5;2;2.5;3;4;5;6;8;10"
29_Pima,t100,116,zscore,3,6.00000000,0.84214419,"0.5;0.75;1;1.25;1.5;2;2.5;3;4;5;6;8;10"
29_Pima,t100,116,zscore,4,3.00000000,0.84214419,"0.5;0.75;1;1.25;1.5;2;2.5;3;4;5;6;8;10"
29_Pima,t100,116,zscore,5,4.00000000,0.84214419,"0.5;0.75;1;1.25;1.5;2;2.5;3;4;5;6;8;10"
29_Pima,t100,116,zscore,6,2.00000000,0.84214419,"0.5;0.75;1;1.25;1.5;2;2.5;3;4;5;6;8;10"
29_Pima,t100,116,zscore,7,2.00000000,0.84214419,"0.5;0.75;1;1.25;1.5;2;2.5;3;4;5;6;8;10"
