dataset,tag,run_id,method,feature_index,param_opt,final_auc,grid
2_annthyroid,t100,149,zscore,0,5.00000000,0.94299752,"0.5;0.75;1;1.25;1.5;2;2.5;3;4;5;6;8;10"
2_annthyroid,t100,149,zscore,1,2.00000000,0.94299752,"0.5;0.75;1;1.25;1.5;2;2.5;3;4;5;6;8;10"
2_annthyroid,t100,149,zscore,2,8.00000000,0.94299752,"0.5;0.75;1;1.25;1.5;2;2.5;3;4;5;6;8;10"
2_annthyroid,t100,149,zscore,3,8.00000000,0.94299752,"0.5;0.75;1;1.25;1.5;2;2.5;3;4;5;6;8;10"
2_annthyroid,t100,149,zscore,4,8.00000000,0.94299752,"0.5;0.75;1;1.25;1.5;2;2.5;3;4;5;6;8;10"
2_annthyroid,t100,149,zscore,5,8.00000000,0.94299752,"0.5;0.75;1;1.25;1.5;2;2.5;3;4;5;6;8;10"
