dataset,tag,run_id,method,feature_index,param_opt,final_auc,grid
37_Stamps,t100,134,zscore,0,6.00000000,0.86688310,"0.5;0.75;1;1.25;1.5;2;2.5;3;4;5;6;8;10"
37_Stamps,t100,134,zscore,1,0.75000000,0.86688310,"0.5;0.75;1;1.25;1.5;2;2.5;3;4;5;6;8;10"
37_Stamps,t100,134,zscore,2,3.00000000,0.86688310,"0.5;0.75;1;1.25;1.5;2;2.5;3;4;5;6;8;10"
37_Stamps,t100,134,zscore,3,3.00000000,0.86688310,"0.5;0.75;1;1.25;1.5;2;2.5;3;4;5;6;8;10"
37_Stamps,t100,134,zscore,4,3.00000000,0.86688310,"0.5;0.75;1;1.25;1.5;2;2.5;3;4;5;6;8;10"
37_Stamps,t100,134,zscore,5,1.25000000,0.86688310,"0.5;0.75;1;1.25;1.5;2;2.5;3;4;5;6;8;10"
37_Stamps,t100,134,zscore,6,2.00000000,0.86688310,"0.5;0.75;1;1.25;1.5;2;2.5;3;4;5;6;8;10"
37_Stamps,t100,134,zscore,7,3.00000000,0.86688310,"0.5;0.75;1;1.25;1.5;2;2.5;3;4;5;6;8;10"
37_Stamps,t100,134,zscore,8,5.00000000,0.86688310,"0.5;0.75;1;1.25;1.5;2;2.5;3;4;5;6;8;10"
