dataset,tag,run_id,method,feature_index,param_opt,final_auc,grid
37_Stamps,t100,144,zscore,0,4.00000000,0.83766234,"0.5;0.75;1;1.25;1.5;2;2.5;3;4;5;6;8;10"
37_Stamps,t100,144,zscore,1,5.00000000,0.83766234,"0.5;0.75;1;1.25;1.5;2;2.5;3;4;5;6;8;10"
37_Stamps,t100,144,zscore,2,2.00000000,0.83766234,"0.5;0.75;1;1.25;1.5;2;2.5;3;4;5;6;8;10"
37_Stamps,t100,144,zscore,3,3.00000000,0.83766234,"0.5;0.75;1;1.25;1.5;2;2.5;3;4;5;6;8;10"
37_Stamps,t100,144,zscore,4,3.00000000,0.83766234,"0.5;0.75;1;1.25;1.5;2;2.5;3;4;5;6;8;10"
37_Stamps,t100,144,zscore,5,3.00000000,0.83766234,"0.5;0.75;1;1.25;1.5;2;2.5;3;4;5;6;8;10"
37_Stamps,t100,144,zscore,6,3.00000000,0.83766234,"0.5;0.75;1;1.25;1.5;2;2.5;3;4;5;6;8;10"
37_Stamps,t100,144,zscore,7,3.00000000,0.83766234,"0.5;0.75;1;1.25;1.5;2;2.5;3;4;5;6;8;10"
37_Stamps,t100,144,zscore,8,5.00000000,0.83766234,"0.5;0.75;1;1.25;1.5;2;2.5;3;4;5;6;8;10"
