dataset,tag,run_id,method,feature_index,param_opt,final_auc,grid
37_Stamps,t100,146,zscore,0,6.00000000,0.83441561,"0.5;0.75;1;1.25;1.5;2;2.5;3;4;5;6;8;10"
37_Stamps,t100,146,zscore,1,3.00000000,0.83441561,"0.5;0.75;1;1.25;1.5;2;2.5;3;4;5;6;8;10"
37_Stamps,t100,146,zscore,2,3.00000000,0.83441561,"0.5;0.75;1;1.25;1.5;2;2.5;3;4;5;6;8;10"
37_Stamps,t100,146,zscore,3,3.00000000,0.83441561,"0.5;0.75;1;1.25;1.5;2;2.5;3;4;5;6;8;10"
37_Stamps,t100,146,zscore,4,2.50000000,0.83441561,"0.5;0.75;1;1.25;1.5;2;2.5;3;4;5;6;8;10"
37_Stamps,t100,146,zscore,5,6.00000000,0.83441561,"0.5;0.75;1;1.25;1.5;2;2.5;3;4;5;6;8;10"
37_Stamps,t100,146,zscore,6,3.00000000,0.83441561,"0.5;0.75;1;1.25;1.5;2;2.5;3;4;5;6;8;10"
37_Stamps,t100,146,zscore,7,6.00000000,0.83441561,"0.5;0.75;1;1.25;1.5;2;2.5;3;4;5;6;8;10"
37_Stamps,t100,146,zscore,8,3.00000000,0.83441561,"0.5;0.75;1;1.25;1.5;2;2.5;3;4;5;6;8;10"
