dataset,tag,run_id,method,feature_index,param_opt,final_auc,grid
38_thyroid,t100,102,zscore,0,0.50000000,0.99426103,"0.5;0.75;1;1.25;1.5;2;2.5;3;4;5;6;8;10"
38_thyroid,t100,102,zscore,1,3.00000000,0.99426103,"0.5;0.75;1;1.25;1.5;2;2.5;3;4;5;6;8;10"
38_thyroid,t100,102,zscore,2,3.00000000,0.99426103,"0.5;0.75;1;1.25;1.5;2;2.5;3;4;5;6;8;10"
38_thyroid,t100,102,zscore,3,3.00000000,0.99426103,"0.5;0.75;1;1.25;1.5;2;2.5;3;4;5;6;8;10"
38_thyroid,t100,102,zscore,4,1.25000000,0.99426103,"0.5;0.75;1;1.25;1.5;2;2.5;3;4;5;6;8;10"
38_thyroid,t100,102,zscore,5,3.00000000,0.99426103,"0.5;0.75;1;1.25;1.5;2;2.5;3;4;5;6;8;10"
