dataset,tag,run_id,method,feature_index,param_opt,final_auc,grid
38_thyroid,t100,147,zscore,0,0.50000000,0.99618798,"0.5;0.75;1;1.25;1.5;2;2.5;3;4;5;6;8;10"
38_thyroid,t100,147,zscore,1,6.00000000,0.99618798,"0.5;0.75;1;1.25;1.5;2;2.5;3;4;5;6;8;10"
38_thyroid,t100,147,zscore,2,2.50000000,0.99618798,"0.5;0.75;1;1.25;1.5;2;2.5;3;4;5;6;8;10"
38_thyroid,t100,147,zscore,3,3.00000000,0.99618798,"0.5;0.75;1;1.25;1.5;2;2.5;3;4;5;6;8;10"
38_thyroid,t100,147,zscore,4,0.75000000,0.99618798,"0.5;0.75;1;1.25;1.5;2;2.5;3;4;5;6;8;10"
38_thyroid,t100,147,zscore,5,3.00000000,0.99618798,"0.5;0.75;1;1.25;1.5;2;2.5;3;4;5;6;8;10"
