dataset,tag,run_id,method,feature_index,param_opt,final_auc,grid
38_thyroid,t100,125,zscore,0,6.00000000,0.99564344,"0.5;0.75;1;1.25;1.5;2;2.5;3;4;5;6;8;10"
38_thyroid,t100,125,zscore,1,4.00000000,0.99564344,"0.5;0.75;1;1.25;1.5;2;2.5;3;4;5;6;8;10"
38_thyroid,t100,125,zscore,2,2.50000000,0.99564344,"0.5;0.75;1;1.25;1.5;2;2.5;3;4;5;6;8;10"
38_thyroid,t100,125,zscore,3,3.00000000,0.99564344,"0.5;0.75;1;1.25;1.5;2;2.5;3;4;5;6;8;10"
38_thyroid,t100,125,zscore,4,1.50000000,0.99564344,"0.5;0.75;1;1.25;1.5;2;2.5;3;4;5;6;8;10"
38_thyroid,t100,125,zscore,5,3.00000000,0.99564344,"0.5;0.75;1;1.25;1.5;2;2.5;3;4;5;6;8;10"
