dataset,tag,run_id,method,feature_index,param_opt,final_auc,grid
39_vertebral,t100,135,zscore,0,1.50000000,0.59740257,"0.5;0.75;1;1.25;1.5;2;2.5;3;4;5;6;8;10"
39_vertebral,t100,135,zscore,1,2.00000000,0.59740257,"0.5;0.75;1;1.25;1.5;2;2.5;3;4;5;6;8;10"
39_vertebral,t100,135,zscore,2,1.25000000,0.59740257,"0.5;0.75;1;1.25;1.5;2;2.5;3;4;5;6;8;10"
39_vertebral,t100,135,zscore,3,1.25000000,0.59740257,"0.5;0.75;1;1.25;1.5;2;2.5;3;4;5;6;8;10"
39_vertebral,t100,135,zscore,4,8.00000000,0.59740257,"0.5;0.75;1;1.25;1.5;2;2.5;3;4;5;6;8;10"
39_vertebral,t100,135,zscore,5,0.75000000,0.59740257,"0.5;0.75;1;1.25;1.5;2;2.5;3;4;5;6;8;10"
