dataset,tag,run_id,method,feature_index,param_opt,final_auc,grid
39_vertebral,t100,142,zscore,0,1.00000000,0.57467532,"0.5;0.75;1;1.25;1.5;2;2.5;3;4;5;6;8;10"
39_vertebral,t100,142,zscore,1,2.00000000,0.57467532,"0.5;0.75;1;1.25;1.5;2;2.5;3;4;5;6;8;10"
39_vertebral,t100,142,zscore,2,0.75000000,0.57467532,"0.5;0.75;1;1.25;1.5;2;2.5;3;4;5;6;8;10"
39_vertebral,t100,142,zscore,3,0.75000000,0.57467532,"0.5;0.75;1;1.25;1.5;2;2.5;3;4;5;6;8;10"
39_vertebral,t100,142,zscore,4,1.25000000,0.57467532,"0.5;0.75;1;1.25;1.5;2;2.5;3;4;5;6;8;10"
39_vertebral,t100,142,zscore,5,5.00000000,0.57467532,"0.5;0.75;1;1.25;1.5;2;2.5;3;4;5;6;8;10"
