dataset,tag,run_id,method,feature_index,param_opt,final_auc,grid
44_Wilt,t100,136,zscore,0,0.50000000,0.79110587,"0.5;0.75;1;1.25;1.5;2;2.5;3;4;5;6;8;10"
44_Wilt,t100,136,zscore,1,1.00000000,0.79110587,"0.5;0.75;1;1.25;1.5;2;2.5;3;4;5;6;8;10"
44_Wilt,t100,136,zscore,2,0.50000000,0.79110587,"0.5;0.75;1;1.25;1.5;2;2.5;3;4;5;6;8;10"
44_Wilt,t100,136,zscore,3,6.00000000,0.79110587,"0.5;0.75;1;1.25;1.5;2;2.5;3;4;5;6;8;10"
44_Wilt,t100,136,zscore,4,8.00000000,0.79110587,"0.5;0.75;1;1.25;1.5;2;2.5;3;4;5;6;8;10"
