dataset,tag,run_id,method,feature_index,param_opt,final_auc,grid
47_yeast,t100,111,zscore,0,1.25000000,0.49848729,"0.5;0.75;1;1.25;1.5;2;2.5;3;4;5;6;8;10"
47_yeast,t100,111,zscore,1,2.00000000,0.49848729,"0.5;0.75;1;1.25;1.5;2;2.5;3;4;5;6;8;10"
47_yeast,t100,111,zscore,2,3.00000000,0.49848729,"0.5;0.75;1;1.25;1.5;2;2.5;3;4;5;6;8;10"
47_yeast,t100,111,zscore,3,8.00000000,0.49848729,"0.5;0.75;1;1.25;1.5;2;2.5;3;4;5;6;8;10"
47_yeast,t100,111,zscore,4,0.00000000,0.49848729,"NONRELEVANT:DISCRETE_FALLBACK_MINMAX"
47_yeast,t100,111,zscore,5,0.00000000,0.49848729,"NONRELEVANT:DISCRETE_FALLBACK_MINMAX"
47_yeast,t100,111,zscore,6,2.00000000,0.49848729,"0.5;0.75;1;1.25;1.5;2;2.5;3;4;5;6;8;10"
47_yeast,t100,111,zscore,7,1.25000000,0.49848729,"0.5;0.75;1;1.25;1.5;2;2.5;3;4;5;6;8;10"
