dataset,n_train,feature_index,feature_class,unique_count,min_train,max_train,range_strategy,range_l,range_u,median,scaled_mad,param_strategy
16_http,395688,0,continuous,413,-2.302585092994045,8.098369250105083,mad_range,,,-2.302585092994045,0.0,mad
16_http,395688,1,continuous,458,-2.302585092994045,10.906691489914584,mad_range,,,5.517854422268135,0.25244350945491145,mad
16_http,395688,2,continuous,18799,-2.302585092994045,16.277710867258435,mad_range,,,7.40859117111876,1.3773660981350067,mad
