dataset,n_train,feature_index,feature_class,unique_count,min_train,max_train,range_strategy,range_l,range_u,median,scaled_mad,param_strategy
47_yeast,650,0,continuous,72,-2.33155808436173,3.20379422874932,mad_range,,,-0.146550592344212,0.9718476322995525,mad
47_yeast,650,1,continuous,71,-2.98514874218062,4.03526336400641,mad_range,,,0.000543762749495,0.9571000449317613,mad
47_yeast,650,2,continuous,47,-3.34640433589257,2.53796790819315,mad_range,,,-0.00038874611834,1.0263729751860584,mad
47_yeast,650,3,continuous,70,-1.90510938900926,4.4407333095513,mad_range,,,-0.227472813527731,0.7569933872896687,mad
47_yeast,650,4,continuous,2,-0.09755712102356,10.2434977074737,mad_range,,,-0.09755712102356,0.0,mad
47_yeast,650,5,continuous,3,-0.099097990004426,10.8677462371521,mad_range,,,-0.099097990004426,0.0,mad
47_yeast,650,6,continuous,35,-8.64904791049785,3.2893734238151,mad_range,,,0.175002640950855,0.5130406802971711,mad
47_yeast,650,7,continuous,54,-1.56069712143098,5.48218276890585,mad_range,,,-0.527741404181574,0.0,mad
