dataset,n_train,feature_index,feature_class,unique_count,min_train,max_train,range_strategy,range_l,range_u,mean,std,param_strategy
47_yeast,650,0,continuous,72,-2.33155808436173,3.20379422874932,zscore_range,,,-0.022957604462400086,1.011397985111511,zscore
47_yeast,650,1,continuous,71,-2.98514874218062,4.03526336400641,zscore_range,,,0.0325732291225506,1.024168979661135,zscore
47_yeast,650,2,continuous,47,-3.34640433589257,2.53796790819315,zscore_range,,,-0.14416978737654287,1.0474775128093998,zscore
47_yeast,650,3,continuous,70,-1.90510938900926,4.4407333095513,zscore_range,,,0.10749341910185872,1.0881356546803784,zscore
47_yeast,650,4,continuous,2,-0.09755712102356,10.2434977074737,zscore_range,,,0.013808084821795172,1.0673478770113904,zscore
47_yeast,650,5,continuous,3,-0.099097990004426,10.8677462371521,zscore_range,,,0.06637024356193935,1.2862081249536483,zscore
47_yeast,650,6,continuous,35,-8.64904791049785,3.2893734238151,zscore_range,,,-0.003607854374094532,0.9324441366986507,zscore
47_yeast,650,7,continuous,54,-1.56069712143098,5.48218276890585,zscore_range,,,0.07455123710692343,0.9880454852147746,zscore
