dataset,tag,run_id,method,feature_index,param_opt,final_auc,grid
29_Pima,t100,18,mad,0,0.00000000,0.80755931,"NONRELEVANT:DISCRETE_FALLBACK_MINMAX"
29_Pima,t100,18,mad,1,4.00000000,0.80755931,"0.5;0.75;1;1.25;1.5;2;2.5;3;4;5;6;8;10"
29_Pima,t100,18,mad,2,2.00000000,0.80755931,"0.5;0.75;1;1.25;1.5;2;2.5;3;4;5;6;8;10"
29_Pima,t100,18,mad,3,3.00000000,0.80755931,"0.5;0.75;1;1.25;1.5;2;2.5;3;4;5;6;8;10"
29_Pima,t100,18,mad,4,8.00000000,0.80755931,"0.5;0.75;1;1.25;1.5;2;2.5;3;4;5;6;8;10"
29_Pima,t100,18,mad,5,3.00000000,0.80755931,"0.5;0.75;1;1.25;1.5;2;2.5;3;4;5;6;8;10"
29_Pima,t100,18,mad,6,3.00000000,0.80755931,"0.5;0.75;1;1.25;1.5;2;2.5;3;4;5;6;8;10"
29_Pima,t100,18,mad,7,5.00000000,0.80755931,"0.5;0.75;1;1.25;1.5;2;2.5;3;4;5;6;8;10"
