dataset,tag,run_id,method,feature_index,param_opt,final_auc,grid
37_Stamps,t100,143,mad,0,5.00000000,0.79870129,"0.5;0.75;1;1.25;1.5;2;2.5;3;4;5;6;8;10"
37_Stamps,t100,143,mad,1,3.00000000,0.79870129,"0.5;0.75;1;1.25;1.5;2;2.5;3;4;5;6;8;10"
37_Stamps,t100,143,mad,2,1.25000000,0.79870129,"0.5;0.75;1;1.25;1.5;2;2.5;3;4;5;6;8;10"
37_Stamps,t100,143,mad,3,5.00000000,0.79870129,"0.5;0.75;1;1.25;1.5;2;2.5;3;4;5;6;8;10"
37_Stamps,t100,143,mad,4,3.00000000,0.79870129,"0.5;0.75;1;1.25;1.5;2;2.5;3;4;5;6;8;10"
37_Stamps,t100,143,mad,5,10.00000000,0.79870129,"0.5;0.75;1;1.25;1.5;2;2.5;3;4;5;6;8;10"
37_Stamps,t100,143,mad,6,6.00000000,0.79870129,"0.5;0.75;1;1.25;1.5;2;2.5;3;4;5;6;8;10"
37_Stamps,t100,143,mad,7,2.50000000,0.79870129,"0.5;0.75;1;1.25;1.5;2;2.5;3;4;5;6;8;10"
37_Stamps,t100,143,mad,8,5.00000000,0.79870129,"0.5;0.75;1;1.25;1.5;2;2.5;3;4;5;6;8;10"
