dataset,tag,run_id,method,feature_index,param_opt,final_auc,grid
37_Stamps,t100,117,mad,0,5.00000000,0.81818181,"0.5;0.75;1;1.25;1.5;2;2.5;3;4;5;6;8;10"
37_Stamps,t100,117,mad,1,5.00000000,0.81818181,"0.5;0.75;1;1.25;1.5;2;2.5;3;4;5;6;8;10"
37_Stamps,t100,117,mad,2,4.00000000,0.81818181,"0.5;0.75;1;1.25;1.5;2;2.5;3;4;5;6;8;10"
37_Stamps,t100,117,mad,3,2.50000000,0.81818181,"0.5;0.75;1;1.25;1.5;2;2.5;3;4;5;6;8;10"
37_Stamps,t100,117,mad,4,3.00000000,0.81818181,"0.5;0.75;1;1.25;1.5;2;2.5;3;4;5;6;8;10"
37_Stamps,t100,117,mad,5,6.00000000,0.81818181,"0.5;0.75;1;1.25;1.5;2;2.5;3;4;5;6;8;10"
37_Stamps,t100,117,mad,6,10.00000000,0.81818181,"0.5;0.75;1;1.25;1.5;2;2.5;3;4;5;6;8;10"
37_Stamps,t100,117,mad,7,2.50000000,0.81818181,"0.5;0.75;1;1.25;1.5;2;2.5;3;4;5;6;8;10"
37_Stamps,t100,117,mad,8,5.00000000,0.81818181,"0.5;0.75;1;1.25;1.5;2;2.5;3;4;5;6;8;10"
