dataset,tag,run_id,method,feature_index,param_opt,final_auc,grid
39_vertebral,t100,101,mad,0,0.50000000,0.59740257,"0.5;0.75;1;1.25;1.5;2;2.5;3;4;5;6;8;10"
39_vertebral,t100,101,mad,1,1.50000000,0.59740257,"0.5;0.75;1;1.25;1.5;2;2.5;3;4;5;6;8;10"
39_vertebral,t100,101,mad,2,1.00000000,0.59740257,"0.5;0.75;1;1.25;1.5;2;2.5;3;4;5;6;8;10"
39_vertebral,t100,101,mad,3,1.00000000,0.59740257,"0.5;0.75;1;1.25;1.5;2;2.5;3;4;5;6;8;10"
39_vertebral,t100,101,mad,4,2.00000000,0.59740257,"0.5;0.75;1;1.25;1.5;2;2.5;3;4;5;6;8;10"
39_vertebral,t100,101,mad,5,2.00000000,0.59740257,"0.5;0.75;1;1.25;1.5;2;2.5;3;4;5;6;8;10"
