dataset,tag,run_id,method,feature_index,param_opt,final_auc,grid
47_yeast,t100,104,mad,0,0.50000000,0.55249715,"0.5;0.75;1;1.25;1.5;2;2.5;3;4;5;6;8;10"
47_yeast,t100,104,mad,1,10.00000000,0.55249715,"0.5;0.75;1;1.25;1.5;2;2.5;3;4;5;6;8;10"
47_yeast,t100,104,mad,2,4.00000000,0.55249715,"0.5;0.75;1;1.25;1.5;2;2.5;3;4;5;6;8;10"
47_yeast,t100,104,mad,3,1.50000000,0.55249715,"0.5;0.75;1;1.25;1.5;2;2.5;3;4;5;6;8;10"
47_yeast,t100,104,mad,4,0.00000000,0.55249715,"NONRELEVANT:DISCRETE_FALLBACK_MINMAX"
47_yeast,t100,104,mad,5,0.00000000,0.55249715,"NONRELEVANT:DISCRETE_FALLBACK_MINMAX"
47_yeast,t100,104,mad,6,3.00000000,0.55249715,"0.5;0.75;1;1.25;1.5;2;2.5;3;4;5;6;8;10"
47_yeast,t100,104,mad,7,10.00000000,0.55249715,"0.5;0.75;1;1.25;1.5;2;2.5;3;4;5;6;8;10"
