dataset,n_train,effective_mc_regime,feature_index,feature_class,unique_count,min_train,max_train,range_strategy,range_l,range_u,q1,q3,medcouple,mc_n_used,mc_source,mc_export_n,param_strategy
47_yeast,650,FULL_DATA_ONLY,0,continuous,72,-2.33155808436173,3.20379422874932,adjusted_boxplot_range,,,-0.729219256882217,0.508951655261044,0.10526315789473764,650,FULL_TRAIN,10000,adjusted_boxplot
47_yeast,650,FULL_DATA_ONLY,1,continuous,71,-2.98514874218062,4.03526336400641,adjusted_boxplot_range,,,-0.645011373451611,0.646098898950602,5.732652732336579e-16,650,FULL_TRAIN,10000,adjusted_boxplot
47_yeast,650,FULL_DATA_ONLY,2,continuous,47,-3.34640433589257,2.53796790819315,adjusted_boxplot_range,,,-0.808047681581086,0.576510493497908,-0.1999999999999993,650,FULL_TRAIN,10000,adjusted_boxplot
47_yeast,650,FULL_DATA_ONLY,3,continuous,70,-1.90510938900926,4.4407333095513,adjusted_boxplot_range,,,-0.66511713756639,0.647815834549588,0.37777777777777843,650,FULL_TRAIN,10000,adjusted_boxplot
47_yeast,650,FULL_DATA_ONLY,4,continuous,2,-0.09755712102356,10.2434977074737,adjusted_boxplot_range,,,-0.09755712102356,-0.09755712102356,-1.0,650,FULL_TRAIN,10000,adjusted_boxplot
47_yeast,650,FULL_DATA_ONLY,5,continuous,3,-0.099097990004426,10.8677462371521,adjusted_boxplot_range,,,-0.099097990004426,-0.099097990004426,-1.0,650,FULL_TRAIN,10000,adjusted_boxplot
47_yeast,650,FULL_DATA_ONLY,6,continuous,35,-8.64904791049785,3.2893734238151,adjusted_boxplot_range,,,-0.344059156193187,0.521043839046883,-0.19999999999999998,650,FULL_TRAIN,10000,adjusted_boxplot
47_yeast,650,FULL_DATA_ONLY,7,continuous,54,-1.56069712143098,5.48218276890585,adjusted_boxplot_range,,,-0.527741404181574,0.317404182658846,1.0,650,FULL_TRAIN,10000,adjusted_boxplot
